code,name,industry,text_score,categories_hit_count,np_yoy,revenue_yoy,gross_margin,pe_ttm,peg,price_index_1y_high,contract_liability_yoy,price_above_ma60,sort_value
688308,欧科亿,通用设备,4.3,3,2560.7,113.5,44.5,53.2,0.02,,,否,500.0
000603,盛达资源,贵金属,3.0,2,858.5,9.0,61.4,28.2,0.03,,,是,500.0
002297,博云新材,航空装备Ⅱ,5.5,4,13362.4,125.9,48.7,55.7,0.0,,,否,500.0
002132,恒星科技,通用设备,1.5,1,899.1,10.4,12.6,83.6,0.09,,,否,500.0
605189,富春染织,纺织制造,1.5,1,1415.9,30.3,13.6,27.7,0.02,,,否,500.0
603026,石大胜华,电池,1.5,1,1086.7,40.4,23.4,48.0,0.04,,,否,500.0
300497,富祥股份,化学制药,4.0,3,2633.4,53.1,38.3,2552.7,0.97,,,否,500.0
300475,香农芯创,其他电子Ⅱ,5.3,4,7835.1,200.6,9.1,40.1,0.01,,,否,500.0
002466,天齐锂业,能源金属,2.8,2,1699.1,98.4,62.7,37.0,0.02,,,否,500.0
001309,德明利,半导体,4.3,3,4943.4,502.1,57.4,22.2,0.0,,,否,500.0
688257,新锐股份,通用设备,3.0,2,576.1,111.6,47.1,43.6,0.08,,,否,500.0
002460,赣锋锂业,能源金属,1.0,3,616.3,143.8,29.7,29.4,0.05,,,否,500.0
000973,佛塑科技,塑料,2.7,2,2694.7,160.5,27.8,51.9,0.02,,,否,500.0
688809,强一股份,半导体,1.2,1,697.6,229.4,64.5,121.5,0.17,,,否,500.0
603032,德新科技,电池,1.3,1,2436.5,52.2,41.4,66.4,0.03,,,否,500.0
002192,融捷股份,能源金属,1.5,1,1296.3,295.8,74.4,33.5,0.03,,,否,500.0
002185,华天科技,半导体,1.3,1,568.4,34.5,11.3,73.0,0.13,,,否,500.0
920167,?,光伏设备,1.5,1,1225.3,38.2,8.7,,,,,否,500.0
920403,?,种植业,1.5,1,944.1,63.5,44.5,,,,,否,500.0
920471,?,化学制品,1.5,1,836.3,0.1,16.3,,,,,否,500.0
300861,美畅股份,通用设备,1.5,1,634.0,39.7,39.1,28.3,0.04,,,否,500.0
301358,湖南裕能,电池,2.6,2,1337.8,121.3,16.2,22.2,0.02,,,否,500.0
002213,大为股份,半导体,1.5,1,926.9,20.0,10.2,3773.8,4.07,,,否,500.0
301292,海科新源,电池,2.8,2,1922.0,33.9,21.6,479.6,0.25,,,否,500.0
002636,金安国纪,元件,1.3,1,763.9,31.4,26.4,103.0,0.13,,,否,500.0
002759,ST天际,电池,4.0,3,1001.9,91.1,41.7,31.6,0.03,,,否,500.0
920765,?,家居用品,1.5,1,3492.0,32.1,29.7,,,,,否,500.0
300540,蜀道装备,专用设备,2.8,2,1973.2,94.3,33.1,103.6,0.05,,,否,500.0
300042,朗科科技,计算机设备,2.8,2,744.4,107.8,25.2,60.0,0.08,,,否,500.0
300511,雪榕生物,种植业,2.8,2,2291.1,54.1,33.6,17.6,0.01,,,否,500.0
002709,天赐材料,电池,5.4,4,1005.8,91.3,38.7,28.1,0.03,,,否,500.0
002842,翔鹭钨业,小金属,1.5,1,2917.1,138.7,31.0,34.1,0.01,,,否,500.0
000810,创维数字,黑色家电,1.5,1,1455.8,38.7,14.9,43.1,0.03,,,否,500.0
301246,宏源药业,化学制药,1.3,1,1524.4,62.3,32.0,33.1,0.02,,,否,500.0
002633,申科股份,通用设备,1.2,1,504.8,6.7,20.8,189.9,0.38,,,否,500.0
301217,铜冠铜箔,电池,5.7,4,2138.2,32.0,8.8,611.0,0.29,,,否,500.0
301308,江波龙,半导体,2.5,2,2644.1,132.8,55.5,14.9,0.01,,,否,500.0
002812,恩捷股份,电池,2.8,2,901.7,43.2,28.1,144.8,0.16,,,否,500.0
002326,永太科技,化学制品,1.3,1,889.5,59.7,24.1,372.5,0.42,,,否,500.0
301150,中一科技,电池,2.5,2,2297.1,43.9,8.9,90.3,0.04,,,否,500.0
300706,阿石创,半导体,2.8,2,572.4,41.6,12.5,-241.1,,,,否,500.0
300390,天华新能,电池,2.8,2,1472.0,89.6,47.0,39.4,0.03,,,否,500.0
300363,博腾股份,医疗服务,2.4,2,750.4,10.6,30.6,92.0,0.12,,,否,500.0
002458,益生股份,养殖业,5.8,4,884.1,25.8,23.3,32.3,0.04,,,是,500.0
000703,恒逸石化,炼化及贸易,1.3,1,3773.8,10.2,12.9,11.3,0.0,,,是,500.0
300975,商络电子,元件,4.0,3,600.4,106.1,16.5,36.6,0.06,,,否,500.0
301002,崧盛股份,电网设备,1.2,1,42653.3,36.4,24.9,335.0,0.01,,,否,500.0
301500,飞南资源,环境治理,1.5,1,7919.4,49.4,15.3,19.8,0.0,,,否,500.0
301511,德福科技,电池,1.5,1,708.9,73.5,9.1,225.7,0.32,,,否,500.0
002386,天原股份,化学原料,1.1,3,573.5,16.4,10.6,49.9,0.09,,,否,500.0
300098,高新兴,通信设备,1.5,1,1277.7,35.6,32.3,-1124.4,,,,否,500.0
301099,雅创电子,其他电子Ⅱ,5.5,4,642.3,63.6,11.8,51.2,0.08,,,否,500.0
300970,华绿生物,种植业,3.0,2,7014.3,53.1,32.1,12.7,0.0,,,否,500.0
300358,楚天科技,医疗器械,0.0,2,892.4,2.4,37.6,19.8,0.02,,,否,500.0
002378,章源钨业,小金属,1.5,1,795.8,121.8,26.9,51.4,0.06,,,否,500.0
688059,华锐精密,通用设备,3.0,2,499.5,88.3,57.3,40.2,0.08,,,否,499.47
300503,昊志机电,通用设备,4.2,3,483.5,72.9,42.1,80.3,0.17,,,否,483.54
300613,富瀚微,半导体,4.0,3,481.1,75.5,39.1,80.2,0.17,,,否,481.14
002407,多氟多,化学制品,0.8,3,480.1,53.3,27.6,86.1,0.18,,,是,480.14
300283,温州宏丰,电网设备,3.0,2,474.6,110.3,13.9,59.7,0.13,,,否,474.58
920971,?,非金属材料Ⅱ,1.5,1,443.3,5.7,19.7,,,,,否,443.34
920957,?,化学制品,1.5,1,435.1,15.3,11.2,,,,,否,435.05
300821,东岳硅材,化学制品,4.5,3,427.0,4.5,21.1,146.8,0.34,,,否,426.99
301666,大普微,计算机设备,3.0,2,398.9,341.0,37.6,14581.0,36.55,,,否,398.88
688388,嘉元科技,电池,2.8,2,392.8,73.9,7.5,119.5,0.3,,,否,392.77
300857,协创数据,消费电子,4.2,3,343.4,192.9,22.5,69.1,0.2,,,否,343.45
301219,腾远钴业,能源金属,1.3,1,330.1,75.1,34.6,12.6,0.04,,,否,330.11
300620,光库科技,通信设备,2.6,2,312.5,60.8,36.6,334.1,1.07,,,否,312.52
300953,震裕科技,电池,2.5,2,286.8,65.6,15.8,35.5,0.12,,,否,286.75
002738,中矿资源,能源金属,1.5,1,276.7,-10.4,57.5,46.8,0.17,,,否,276.68
000657,中钨高新,小金属,10.6,8,264.4,106.5,30.5,79.8,0.3,,,否,264.44
300308,中际旭创,通信设备,1.5,1,262.3,192.1,46.1,69.3,0.26,,,否,262.28
000933,神火股份,工业金属,2.8,2,223.3,28.8,33.5,8.8,0.04,,,否,223.28
000612,焦作万方,工业金属,2.8,2,216.5,18.5,36.4,9.7,0.04,,,否,216.46
301563,云汉芯城,其他电子Ⅱ,5.4,4,152.0,79.5,15.4,82.7,0.54,,,否,152.0
002810,山东赫达,化学制品,1.3,1,127.4,27.8,32.3,36.0,0.28,,,否,127.38
002521,齐峰新材,造纸,5.5,4,124.2,-3.9,12.7,22.4,0.18,,,否,124.23
300458,全志科技,半导体,0.0,1,121.8,47.1,40.2,92.6,0.76,,,否,121.77
300037,新宙邦,电池,2.5,2,109.0,67.9,24.3,36.9,0.34,,,否,109.02
688630,芯碁微装,专用设备,1.3,1,109.0,112.5,40.9,176.9,1.62,,,否,108.98
301345,涛涛车业,摩托车及其他,3.0,2,104.5,65.7,40.9,30.5,0.29,,,否,104.5
300531,优博讯,计算机设备,1.2,1,103.8,26.9,26.5,51.6,0.5,,,否,103.77
000682,东方电子,电网设备,1.2,1,95.1,8.1,30.4,15.7,0.17,,,否,95.06
000062,深圳华强,其他电子Ⅱ,1.5,1,90.3,47.3,8.1,43.6,0.48,,,否,90.28
000833,粤桂股份,综合Ⅱ,2.8,2,84.6,43.2,35.4,28.0,0.33,,,否,84.56
002538,ST司特,农化制品,1.3,1,81.1,27.0,12.5,31.4,0.39,,,否,81.14
002560,通达股份,电网设备,1.5,1,81.0,9.0,8.3,27.2,0.34,,,否,81.05
300919,中伟新材,电池,4.3,5,80.5,46.0,12.4,23.7,0.29,,,否,80.54
300502,新易盛,通信设备,1.3,1,76.8,105.8,49.2,53.8,0.7,,,否,76.8
000960,锡业股份,小金属,1.3,1,73.7,59.9,10.0,27.1,0.37,,,否,73.71
600176,中国巨石,玻璃玻纤,1.5,1,73.5,17.9,39.6,44.7,0.61,,,否,73.48
002916,深南电路,元件,1.3,1,73.0,37.9,29.2,71.6,0.98,,,否,73.01
300233,金城医药,化学制药,0.0,1,64.9,3.9,34.6,80.1,1.23,,,否,64.87
002922,伊戈尔,其他电子Ⅱ,2.6,2,63.5,17.7,19.8,47.7,0.75,,,否,63.53
001389,广合科技,元件,6.7,5,63.3,71.4,36.9,52.7,0.83,,,否,63.31
002463,沪电股份,元件,2.8,4,62.9,53.9,35.6,54.3,0.86,,,否,62.9
002170,芭田股份,农化制品,4.3,3,60.3,19.4,38.2,11.1,0.18,,,否,60.26
603966,法兰泰克,专用设备,1.2,1,57.8,57.9,23.4,16.4,0.28,,,否,57.75
603893,瑞芯微,半导体,1.5,1,57.1,36.2,43.0,78.2,1.37,,,否,57.15
000988,华工科技,自动化设备,1.2,1,55.8,27.1,19.8,61.4,1.1,,,否,55.76
300201,海伦哲,工程机械,1.3,1,50.1,50.5,30.5,49.9,0.99,,,否,50.14
300394,天孚通信,通信设备,1.3,1,45.8,40.8,56.6,112.0,2.45,,,否,45.79
300476,胜宏科技,元件,4.0,3,40.0,28.0,34.5,57.9,1.45,,,否,39.95
002475,立讯精密,消费电子,5.8,4,20.2,35.8,11.9,25.0,1.24,,,否,20.24
002701,奥瑞金,包装印刷,4.3,3,-22.2,29.3,14.5,14.4,,,,否,-22.19
300322,硕贝德,消费电子,2.8,2,-28.2,44.3,19.8,138.8,,,,否,-28.21
301513,尚水智能,电池,0.0,1,-39.7,17.5,28.6,36.5,,,,否,-39.69
