code,name,industry,price,dividend_yield_ttm,dividend_percentile_5y,roe_5y_avg,fcf_coverage,pb,pb_percentile,dividend_years,loss_q_3y,ocf_ps_annual,quality_score,has_insurance,has_social_security,has_pension,has_qfii,inst_detail,sort_value,pick_reason
002867,周大生,饰品,10.32,8.72,,13.4,1.0,1.80,10.0,5,0,0.43,0.729,是,是,,,中国人寿保险(集团)公司-传统-普通保险产品-港股通(创新策略)[保险]; 中信证券股份有限公司-社保基金1106组合[社保]; 中国人寿保险股份有限公司-传统-普通保险产品-005L-CT001沪[保险],6.356,股息率8.72%≥3.0% | PB 1.80≤4.0 | ROE年化13.4%≥6.0% | 近3年亏损季度0 | 年报经营现金流/股0.43≥0
601717,中创智领,专用设备,13.79,9.06,,14.0,1.0,1.04,48.0,5,0,1.35,0.637,,,,,,5.773,股息率9.06%≥3.0% | PB 1.04≤4.0 | ROE年化14.0%≥6.0% | 近3年亏损季度0 | 年报经营现金流/股1.35≥0
000651,格力电器,白色家电,38.83,7.72,,17.4,1.0,1.46,27.0,5,0,8.28,0.731,是,,,,中邮人寿保险股份有限公司-传统保险[保险]; 瑞众人寿保险有限责任公司-自有资金[保险]; 阳光人寿保险股份有限公司-传统保险产品[保险],5.647,股息率7.72%≥3.0% | PB 1.46≤4.0 | ROE年化17.4%≥6.0% | 近3年亏损季度0 | 年报经营现金流/股8.28≥0
600398,海澜之家,服装家纺,6.01,6.82,,16.2,1.0,1.62,19.0,5,0,0.93,0.716,是,,,,中邮人寿保险股份有限公司-传统保险[保险],4.881,股息率6.82%≥3.0% | PB 1.62≤4.0 | ROE年化16.2%≥6.0% | 近3年亏损季度0 | 年报经营现金流/股0.93≥0
601838,成都银行,银行Ⅱ,19.29,7.31,,15.0,1.0,0.91,54.5,5,0,17.66,0.650,,,,,,4.750,股息率7.31%≥3.0% | PB 0.91≤4.0 | ROE年化15.0%≥6.0% | 近3年亏损季度0 | 年报经营现金流/股17.66≥0
601216,君正集团,化学原料,4.85,7.84,,11.3,1.0,1.49,25.5,5,0,0.61,0.600,,,,,,4.707,股息率7.84%≥3.0% | PB 1.49≤4.0 | ROE年化11.3%≥6.0% | 近3年亏损季度0 | 年报经营现金流/股0.61≥0
600741,华域汽车,汽车零部件,15.55,6.43,,7.7,1.0,0.74,63.0,5,0,3.02,0.703,是,是,是,,全国社保基金一零一组合[社保]; 基本养老保险基金八零八组合[养老]; 全国社保基金四零一组合[社保]; 中国人民财产保险股份有限公司-自有资金[保险]; 阳光人寿保险股份有限公司-传统保险产品[保险],4.522,股息率6.43%≥3.0% | PB 0.74≤4.0 | ROE年化7.7%≥6.0% | 近3年亏损季度0 | 年报经营现金流/股3.02≥0
600096,云天化,农化制品,28.32,4.94,,22.8,1.0,2.06,0.0,5,0,4.98,0.854,是,,,是,中国人寿保险股份有限公司-传统-普通保险产品-005L-CT001沪[保险]; 中国人寿保险股份有限公司-分红-个人分红-005L-FH002沪[保险]; 施罗德投资管理(香港)有限公司-施罗德环球基金系列中国A股(交易所)[QFII],4.220,股息率4.94%≥3.0% | PB 2.06≤4.0 | ROE年化22.8%≥6.0% | 近3年亏损季度0 | 年报经营现金流/股4.98≥0
601928,凤凰传媒,出版,8.62,5.80,,10.7,1.0,1.10,45.0,5,0,0.60,0.692,是,,是,,基本养老保险基金一零零一组合[养老]; 中邮人寿保险股份有限公司-传统保险[保险],4.016,股息率5.80%≥3.0% | PB 1.10≤4.0 | ROE年化10.7%≥6.0% | 近3年亏损季度0 | 年报经营现金流/股0.60≥0
601919,中远海控,航运港口,16.67,6.07,,11.4,1.0,1.09,45.5,5,0,2.94,0.652,是,,,,中国人寿保险(集团)公司-传统-普通保险产品-港股通(创新策略)[保险],3.958,股息率6.07%≥3.0% | PB 1.09≤4.0 | ROE年化11.4%≥6.0% | 近3年亏损季度0 | 年报经营现金流/股2.94≥0
000157,中联重科,工程机械,6.04,6.62,,7.1,1.0,0.91,54.5,5,0,0.56,0.594,是,,,,中国人寿保险股份有限公司-传统-普通保险产品-005L-CT001沪[保险]; 太保致远(上海)私募基金管理有限公司-太保致远1号私募证券投资基金[保险],3.933,股息率6.62%≥3.0% | PB 0.91≤4.0 | ROE年化7.1%≥6.0% | 近3年亏损季度0 | 年报经营现金流/股0.56≥0
601668,中国建筑,房屋建设Ⅱ,4.35,6.25,,9.2,1.0,0.36,82.0,5,0,0.50,0.623,是,,,,中国人寿保险股份有限公司-传统-普通保险产品-005L-CT001沪[保险],3.893,股息率6.25%≥3.0% | PB 0.36≤4.0 | ROE年化9.2%≥6.0% | 近3年亏损季度0 | 年报经营现金流/股0.50≥0
601098,中南传媒,出版,10.79,5.10,,11.3,1.0,1.19,40.5,5,0,-0.69,0.751,是,是,,是,中国太平洋人寿保险股份有限公司-传统保险高分红股票管理组合[保险]; 全国社保基金四一三组合[社保]; 兴业银行股份有限公司-工银瑞信文体产业股票型证券投资基金[QFII]; 太保致远(上海)私募基金管理有限公司-太保致远1号私募证券投资基金[保险],3.828,股息率5.10%≥3.0% | PB 1.19≤4.0 | ROE年化11.3%≥6.0% | 近3年亏损季度0 | ⚠️年报经营现金流/股-0.69<0（借钱分红嫌疑，请人工复核）
000672,上峰材料,水泥,14.69,4.26,,28.2,1.0,1.45,27.5,5,0,1.04,0.876,,,是,,基本养老保险基金八零二组合[养老],3.733,股息率4.26%≥3.0% | PB 1.45≤4.0 | ROE年化28.2%≥6.0% | 近3年亏损季度0 | 年报经营现金流/股1.04≥0
601166,兴业银行,银行Ⅱ,18.05,5.91,,9.6,1.0,0.46,77.0,5,0,30.89,0.628,是,,,,中国人民财产保险股份有限公司-传统-普通保险产品-008C-CT001沪[保险]; 中国人民人寿保险股份有限公司-分红-个险分红[保险]; 大家人寿保险股份有限公司-传统产品[保险]; 瑞众人寿保险有限责任公司-自有资金[保险],3.710,股息率5.91%≥3.0% | PB 0.46≤4.0 | ROE年化9.6%≥6.0% | 近3年亏损季度0 | 年报经营现金流/股30.89≥0
601229,上海银行,银行Ⅱ,9.63,5.37,,10.5,1.0,0.53,73.5,5,0,-4.77,0.690,是,,,是,"西班牙桑坦德银行有限公司(BANCO SANTANDER,S.A.)[QFII]; 中国人寿保险股份有限公司-传统-普通保险产品-005L-CT001沪[保险]",3.705,股息率5.37%≥3.0% | PB 0.53≤4.0 | ROE年化10.5%≥6.0% | 近3年亏损季度0 | ⚠️年报经营现金流/股-4.77<0（借钱分红嫌疑，请人工复核）
600757,长江传媒,出版,7.56,5.42,,9.3,1.0,0.92,54.0,5,0,0.51,0.675,是,,,是,工银瑞信基金-中国人寿保险股份有限公司-分红险-工银瑞信基金国寿股份价值股票型组合单一资产管理计划(分红险)[保险/QFII]; 交通银行股份有限公司-景顺长城中证红利低波动100交易型开放式指数证券投资基金[QFII],3.656,股息率5.42%≥3.0% | PB 0.92≤4.0 | ROE年化9.3%≥6.0% | 近3年亏损季度0 | 年报经营现金流/股0.51≥0
600039,四川路桥,基础建设,8.84,5.56,,11.4,1.0,1.52,24.0,5,0,0.89,0.652,是,,,,中邮人寿保险股份有限公司-传统保险[保险]; 中邮人寿保险股份有限公司-分红保险产品三[保险],3.625,股息率5.56%≥3.0% | PB 1.52≤4.0 | ROE年化11.4%≥6.0% | 近3年亏损季度0 | 年报经营现金流/股0.89≥0
600282,南钢股份,普钢,4.61,5.30,,9.4,1.0,1.05,47.5,5,0,0.60,0.676,是,是,,,全国社保基金一零三组合[社保]; 嘉实基金-中国人寿保险股份有限公司-传统险-嘉实基金国寿股份新价值股票型组合单一资产管理计划(传统险)[保险]; 平安资管-招商银行-平安资产开阳5号资产管理产品[保险],3.581,股息率5.30%≥3.0% | PB 1.05≤4.0 | ROE年化9.4%≥6.0% | 近3年亏损季度0 | 年报经营现金流/股0.60≥0
603967,中创物流,物流,12.66,5.13,,14.3,1.0,1.89,5.5,5,0,1.92,0.691,是,,,,泰康人寿保险有限责任公司-分红-个人分红-019L-FH002沪[保险],3.543,股息率5.13%≥3.0% | PB 1.89≤4.0 | ROE年化14.3%≥6.0% | 近3年亏损季度0 | 年报经营现金流/股1.92≥0
600295,鄂尔多斯,冶钢原料,13.21,5.30,,12.5,1.0,1.73,13.5,5,0,1.61,0.667,是,,,,太保致远(上海)私募基金管理有限公司-太保致远1号私募证券投资基金[保险],3.536,股息率5.30%≥3.0% | PB 1.73≤4.0 | ROE年化12.5%≥6.0% | 近3年亏损季度0 | 年报经营现金流/股1.61≥0
600729,重百集团,一般零售,19.02,4.99,,11.1,1.0,1.05,47.5,5,0,4.10,0.697,是,是,,,招商基金管理有限公司-社保基金1903组合[社保]; 富国基金-中国人寿保险股份有限公司-传统险-富国基金国寿股份新价值股票型组合单一资产管理计划(传统险)[保险],3.480,股息率4.99%≥3.0% | PB 1.05≤4.0 | ROE年化11.1%≥6.0% | 近3年亏损季度0 | 年报经营现金流/股4.10≥0
601818,光大银行,银行Ⅱ,3.06,5.72,,6.6,1.0,0.36,82.0,5,0,2.76,0.587,是,,,,中国人寿再保险有限责任公司[保险]; 中国再保险(集团)股份有限公司[保险],3.360,股息率5.72%≥3.0% | PB 0.36≤4.0 | ROE年化6.6%≥6.0% | 近3年亏损季度0 | 年报经营现金流/股2.76≥0
601825,沪农商行,银行Ⅱ,8.55,5.19,,10.8,1.0,0.63,68.5,5,0,-1.18,0.643,是,,,,中国太平洋人寿保险股份有限公司[保险]; 太平人寿保险有限公司[保险],3.340,股息率5.19%≥3.0% | PB 0.63≤4.0 | ROE年化10.8%≥6.0% | 近3年亏损季度0 | ⚠️年报经营现金流/股-1.18<0（借钱分红嫌疑，请人工复核）
600177,雅戈尔,服装家纺,8.37,5.71,,10.0,1.0,0.94,53.0,5,0,0.27,0.583,,,,,,3.331,股息率5.71%≥3.0% | PB 0.94≤4.0 | ROE年化10.0%≥6.0% | 近3年亏损季度0 | 年报经营现金流/股0.27≥0
600461,洪城环境,环境治理,8.92,5.08,,11.4,1.0,1.17,41.5,5,0,1.49,0.652,是,,,,中国太平洋人寿保险股份有限公司-中国太平洋人寿股票红利型产品(寿自营)委托投资(长江养老)[保险],3.314,股息率5.08%≥3.0% | PB 1.17≤4.0 | ROE年化11.4%≥6.0% | 近3年亏损季度0 | 年报经营现金流/股1.49≥0
600036,招商银行,银行Ⅱ,41.42,4.87,,13.4,1.0,0.91,54.5,5,0,17.90,0.679,是,,,,和谐健康保险股份有限公司-传统-普通保险产品[保险],3.306,股息率4.87%≥3.0% | PB 0.91≤4.0 | ROE年化13.4%≥6.0% | 近3年亏损季度0 | 年报经营现金流/股17.90≥0
601009,南京银行,银行Ⅱ,11.91,4.44,,14.5,1.0,0.76,62.0,5,0,17.00,0.743,是,,,是,法国巴黎银行(含QFII)[QFII]; 幸福人寿保险股份有限公司-自有[保险]; 中国人寿保险股份有限公司-传统-普通保险产品-005L-CT001沪[保险],3.300,股息率4.44%≥3.0% | PB 0.76≤4.0 | ROE年化14.5%≥6.0% | 近3年亏损季度0 | 年报经营现金流/股17.00≥0
603706,东方环宇,燃气Ⅱ,17.43,5.16,,14.0,1.0,1.95,2.5,5,0,1.43,0.636,,,,,,3.284,股息率5.16%≥3.0% | PB 1.95≤4.0 | ROE年化14.0%≥6.0% | 近3年亏损季度0 | 年报经营现金流/股1.43≥0
600919,江苏银行,银行Ⅱ,12.37,4.56,,15.7,1.0,0.84,58.0,5,0,30.55,0.710,是,,,,中国人寿保险股份有限公司-传统-普通保险产品-005L-CT001沪[保险],3.236,股息率4.56%≥3.0% | PB 0.84≤4.0 | ROE年化15.7%≥6.0% | 近3年亏损季度0 | 年报经营现金流/股30.55≥0
000429,粤高速A,铁路公路,13.07,4.62,,14.8,1.0,2.58,0.0,5,0,1.70,0.698,是,,,,中国太平洋人寿保险股份有限公司-中国太平洋人寿股票红利型产品(寿自营)委托投资(长江养老)[保险],3.223,股息率4.62%≥3.0% | PB 2.58≤4.0 | ROE年化14.8%≥6.0% | 近3年亏损季度0 | 年报经营现金流/股1.70≥0
601997,贵阳银行,银行Ⅱ,5.63,5.33,,7.2,1.0,0.31,84.5,5,0,2.59,0.596,是,,,,中融人寿保险股份有限公司-分红产品[保险],3.177,股息率5.33%≥3.0% | PB 0.31≤4.0 | ROE年化7.2%≥6.0% | 近3年亏损季度0 | 年报经营现金流/股2.59≥0
301109,军信股份,环境治理,13.27,4.80,,11.2,1.0,1.41,29.5,5,0,2.15,0.649,是,,,,广发基金-中国人寿保险股份有限公司-传统险-广发基金国寿股份新价值股票型组合单一资产管理计划(传统险)[保险],3.116,股息率4.80%≥3.0% | PB 1.41≤4.0 | ROE年化11.2%≥6.0% | 近3年亏损季度0 | 年报经营现金流/股2.15≥0
002563,森马服饰,服装家纺,5.62,5.34,,8.3,1.0,1.37,31.5,5,0,0.64,0.561,,,,,,2.994,股息率5.34%≥3.0% | PB 1.37≤4.0 | ROE年化8.3%≥6.0% | 近3年亏损季度0 | 年报经营现金流/股0.64≥0
601857,中国石油,炼化及贸易,11.60,4.40,,12.6,1.0,1.33,33.5,5,0,2.25,0.668,是,,,,中国人寿保险股份有限公司-传统-普通保险产品-005L-CT001沪[保险],2.939,股息率4.40%≥3.0% | PB 1.33≤4.0 | ROE年化12.6%≥6.0% | 近3年亏损季度0 | 年报经营现金流/股2.25≥0
601077,渝农商行,银行Ⅱ,6.67,4.81,,12.0,1.0,0.54,73.0,5,0,0.03,0.610,,,,,,2.934,股息率4.81%≥3.0% | PB 0.54≤4.0 | ROE年化12.0%≥6.0% | 近3年亏损季度0 | 年报经营现金流/股0.03≥0
600901,江苏金租,多元金融,7.00,4.29,,13.3,1.0,1.57,21.5,5,0,-0.17,0.677,是,,,,泰康人寿保险有限责任公司-传统-普通保险产品-019L-CT001沪[保险]; 中国人寿保险(集团)公司-传统-普通保险产品-港股通(创新策略)[保险],2.905,股息率4.29%≥3.0% | PB 1.57≤4.0 | ROE年化13.3%≥6.0% | 近3年亏损季度0 | ⚠️年报经营现金流/股-0.17<0（借钱分红嫌疑，请人工复核）
002154,报喜鸟,服装家纺,3.90,4.36,,12.3,1.0,1.22,39.0,5,0,0.44,0.664,,是,,,招商基金管理有限公司-社保基金1903组合[社保],2.894,股息率4.36%≥3.0% | PB 1.22≤4.0 | ROE年化12.3%≥6.0% | 近3年亏损季度0 | 年报经营现金流/股0.44≥0
600012,皖通高速,铁路公路,16.29,4.05,,15.2,1.0,2.21,0.0,5,0,2.07,0.703,是,,,,中国人寿保险股份有限公司-分红-个人分红-005L-FH002沪[保险]; 中国人寿保险(集团)公司-传统-普通保险产品-港股通(创新策略)[保险]; 中国人寿保险股份有限公司-传统-普通保险产品-005L-CT001沪[保险],2.846,股息率4.05%≥3.0% | PB 2.21≤4.0 | ROE年化15.2%≥6.0% | 近3年亏损季度0 | 年报经营现金流/股2.07≥0
600016,民生银行,银行Ⅱ,3.49,4.90,,6.1,1.0,0.27,86.5,5,0,-3.60,0.581,是,,,,大家人寿保险股份有限公司-万能产品[保险]; 大家人寿保险股份有限公司-传统产品[保险],2.845,股息率4.90%≥3.0% | PB 0.27≤4.0 | ROE年化6.1%≥6.0% | 近3年亏损季度0 | ⚠️年报经营现金流/股-3.60<0（借钱分红嫌疑，请人工复核）
601916,浙商银行,银行Ⅱ,2.91,4.50,,8.6,1.0,0.44,78.0,5,0,-0.46,0.615,是,,,,信泰人寿保险股份有限公司-自有资金[保险]; 太平人寿保险有限公司[保险]; 民生人寿保险股份有限公司-自有资金[保险],2.767,股息率4.50%≥3.0% | PB 0.44≤4.0 | ROE年化8.6%≥6.0% | 近3年亏损季度0 | ⚠️年报经营现金流/股-0.46<0（借钱分红嫌疑，请人工复核）
601328,交通银行,银行Ⅱ,7.78,4.17,,8.1,1.0,0.59,70.5,5,0,1.50,0.658,是,,,是,香港上海汇丰银行有限公司[QFII]; 中国人寿保险股份有限公司-传统-普通保险产品-005L-CT001沪[保险],2.743,股息率4.17%≥3.0% | PB 0.59≤4.0 | ROE年化8.1%≥6.0% | 近3年亏损季度0 | 年报经营现金流/股1.50≥0
002043,兔宝宝,装修建材,12.38,3.44,,14.4,1.0,3.22,0.0,5,0,1.04,0.793,是,是,,是,全国社保基金四一三组合[社保]; 招商银行股份有限公司-工银瑞信可转债债券型证券投资基金[QFII]; 工银瑞信基金-中国人寿保险股份有限公司-传统险-工银瑞信基金国寿股份新价值股票型组合单一资产管理计划(传统险)[保险/QFII],2.726,股息率3.44%≥3.0% | PB 3.22≤4.0 | ROE年化14.4%≥6.0% | 近3年亏损季度0 | 年报经营现金流/股1.04≥0
601963,重庆银行,银行Ⅱ,10.91,4.04,,12.0,1.0,0.66,67.0,5,0,14.23,0.660,是,,,,富德生命人寿保险股份有限公司[保险],2.668,股息率4.04%≥3.0% | PB 0.66≤4.0 | ROE年化12.0%≥6.0% | 近3年亏损季度0 | 年报经营现金流/股14.23≥0
601225,陕西煤业,煤炭开采,26.97,3.37,,21.8,1.0,2.59,0.0,5,0,3.64,0.791,是,,,,中国人寿保险股份有限公司-传统-普通保险产品-005L-CT001沪[保险]; 太平人寿保险有限公司[保险],2.665,股息率3.37%≥3.0% | PB 2.59≤4.0 | ROE年化21.8%≥6.0% | 近3年亏损季度0 | 年报经营现金流/股3.64≥0
601000,唐山港,航运港口,4.68,4.27,,9.3,1.0,1.30,35.0,5,0,0.32,0.623,是,,,,中国人寿保险股份有限公司-传统-普通保险产品-005L-CT001沪[保险]; 中国人寿保险(集团)公司-传统-普通保险产品-港股通(创新策略)[保险]; 大家人寿保险股份有限公司-传统产品[保险],2.662,股息率4.27%≥3.0% | PB 1.30≤4.0 | ROE年化9.3%≥6.0% | 近3年亏损季度0 | 年报经营现金流/股0.32≥0
601998,中信银行,银行Ⅱ,9.00,4.23,,9.6,1.0,0.67,66.5,5,0,7.96,0.628,是,,,,中国人寿保险股份有限公司-传统-普通保险产品-005L-CT001沪[保险]; 中国人寿保险股份有限公司-分红-个人分红-005L-FH002沪[保险],2.657,股息率4.23%≥3.0% | PB 0.67≤4.0 | ROE年化9.6%≥6.0% | 近3年亏损季度0 | 年报经营现金流/股7.96≥0
601598,中国外运,物流,6.90,4.35,,8.2,1.0,1.20,40.0,5,0,0.43,0.610,是,,,,中国人寿保险股份有限公司-传统-普通保险产品-005L-CT001沪[保险]; 中国人寿保险(集团)公司-传统-普通保险产品-港股通(创新策略)[保险],2.653,股息率4.35%≥3.0% | PB 1.20≤4.0 | ROE年化8.2%≥6.0% | 近3年亏损季度0 | 年报经营现金流/股0.43≥0
000895,双汇发展,食品加工,23.79,3.36,,21.4,1.0,3.94,0.0,5,0,2.12,0.785,是,,,,中国人寿保险股份有限公司-传统-普通保险产品-005L-CT001沪[保险]; 新华人寿保险股份有限公司-传统-普通保险产品-018L-CT001深[保险]; 中国人寿保险股份有限公司-分红-个人分红-005L-FH002沪[保险],2.637,股息率3.36%≥3.0% | PB 3.94≤4.0 | ROE年化21.4%≥6.0% | 近3年亏损季度0 | 年报经营现金流/股2.12≥0
601088,中国神华,煤炭开采,48.40,3.98,,11.7,1.0,2.33,0.0,5,0,3.78,0.655,是,,,,中国人寿保险股份有限公司-传统-普通保险产品-005L-CT001沪[保险]; 太平人寿保险有限公司[保险],2.609,股息率3.98%≥3.0% | PB 2.33≤4.0 | ROE年化11.7%≥6.0% | 近3年亏损季度0 | 年报经营现金流/股3.78≥0
601658,邮储银行,银行Ⅱ,5.41,4.04,,9.6,1.0,0.62,69.0,5,0,3.43,0.628,是,,,,中国平安人寿保险股份有限公司-自有资金[保险]; 中国人民人寿保险股份有限公司-传统-普通保险产品[保险]; 中国人民财产保险股份有限公司-自有资金[保险],2.537,股息率4.04%≥3.0% | PB 0.62≤4.0 | ROE年化9.6%≥6.0% | 近3年亏损季度0 | 年报经营现金流/股3.43≥0
600938,中国海油,油气开采Ⅱ,33.82,3.39,,20.4,1.0,1.88,6.0,5,0,4.40,0.722,,,,,,2.448,股息率3.39%≥3.0% | PB 1.88≤4.0 | ROE年化20.4%≥6.0% | 近3年亏损季度0 | 年报经营现金流/股4.40≥0
600350,山东高速,铁路公路,10.58,3.97,,8.1,1.0,1.75,12.5,5,0,1.45,0.609,是,,,,中国人寿保险(集团)公司-传统-普通保险产品-港股通(创新策略)[保险],2.416,股息率3.97%≥3.0% | PB 1.75≤4.0 | ROE年化8.1%≥6.0% | 近3年亏损季度0 | 年报经营现金流/股1.45≥0
600028,中国石化,炼化及贸易,5.39,4.03,,6.1,1.0,0.78,61.0,5,0,1.34,0.582,是,,,,中国人寿保险股份有限公司-传统-普通保险产品-005L-CT001沪[保险],2.344,股息率4.03%≥3.0% | PB 0.78≤4.0 | ROE年化6.1%≥6.0% | 近3年亏损季度0 | 年报经营现金流/股1.34≥0
601398,工商银行,银行Ⅱ,8.22,3.77,,8.6,1.0,0.74,63.0,5,0,5.30,0.615,是,,,,中国人寿保险股份有限公司-传统-普通保险产品-005L-CT001沪[保险]; 太平人寿保险有限公司[保险],2.319,股息率3.77%≥3.0% | PB 0.74≤4.0 | ROE年化8.6%≥6.0% | 近3年亏损季度0 | 年报经营现金流/股5.30≥0
601288,农业银行,银行Ⅱ,6.98,3.57,,10.1,1.0,0.85,57.5,5,0,6.04,0.635,是,,,,中国平安人寿保险股份有限公司[保险],2.268,股息率3.57%≥3.0% | PB 0.85≤4.0 | ROE年化10.1%≥6.0% | 近3年亏损季度0 | 年报经营现金流/股6.04≥0
601187,厦门银行,银行Ⅱ,6.83,3.66,,8.6,1.0,0.66,67.0,5,0,-0.42,0.615,,是,,,全国社保基金四零一组合[社保],2.251,股息率3.66%≥3.0% | PB 0.66≤4.0 | ROE年化8.6%≥6.0% | 近3年亏损季度0 | ⚠️年报经营现金流/股-0.42<0（借钱分红嫌疑，请人工复核）
601939,建设银行,银行Ⅱ,10.98,3.54,,9.5,1.0,0.80,60.0,5,0,8.03,0.627,是,,,,中国人寿保险股份有限公司-传统-普通保险产品-005L-CT001沪[保险],2.219,股息率3.54%≥3.0% | PB 0.80≤4.0 | ROE年化9.5%≥6.0% | 近3年亏损季度0 | 年报经营现金流/股8.03≥0
601988,中国银行,银行Ⅱ,6.77,3.34,,8.7,1.0,0.79,60.5,5,0,2.52,0.615,是,,,,中国人寿保险股份有限公司-传统-普通保险产品-005L-CT001沪[保险]; 新华人寿保险股份有限公司-传统-普通保险产品-018L-CT001沪[保险]; 中国人民人寿保险股份有限公司-传统-普通保险产品[保险]; 中国人寿保险股份有限公司-分红-个人分红-005L-FH002沪[保险],2.056,股息率3.34%≥3.0% | PB 0.79≤4.0 | ROE年化8.7%≥6.0% | 近3年亏损季度0 | 年报经营现金流/股2.52≥0
601001,晋控煤业,煤炭开采,17.70,3.09,,7.6,1.0,1.55,22.5,5,0,1.86,0.601,是,,,,银华基金-新华人寿保险股份有限公司分红高股息策略组合-银华基金新华人寿高股息策略单一资产管理计划[保险]; 中国人寿保险股份有限公司-分红-个人分红-005L-FH002沪[保险],1.857,股息率3.09%≥3.0% | PB 1.55≤4.0 | ROE年化7.6%≥6.0% | 近3年亏损季度0 | 年报经营现金流/股1.86≥0
